row,source_concept,relation_type,target_concept,evidence,reviewer,decision,comment
1,自然语言处理,is-a,人工智能,通用划分:AI语言技术领域,,,
2,强化学习,is-a,机器学习,通用划分:三大学习范式之一,,,
3,多模态大模型,is-a,基础模型,定义:多模态基础模型,,,
4,模糊推理,is-a,模糊逻辑,教材:模糊推理基于模糊逻辑框架,,,
5,深度学习,is-a,机器学习,通用划分:深度学习是机器学习的分支,,,
6,自然语言理解,is-a,自然语言处理,定义:NLU是NLP核心子领域,,,
7,神经网络,is-a,机器学习,教材:神经网络属机器学习方法家族,,,
8,卷积神经网络,is-a,深度学习,补漏High:CNN为深度网络代表,,,
9,大语言模型,is-a,基础模型,定义:LLM是基础模型(语言类),,,
10,启发式图搜索策略,is-a,启发式搜索,教材:启发式图搜索是启发式搜索典型策略,,,
11,语音处理,part-of,人工智能,复核:AI技术领域构成,,,
12,微调,part-of,模型训练,定义:微调是模型训练的迁移方式,,,
13,人工智能思维,part-of,人工智能素养,补漏Low:素养叶子挂上层,,,
14,算法,part-of,人工智能,补漏Medium:AI三要素(算法),,,
15,基础模型,prerequisite,微调,定义:微调面向预训练基础模型,,,
16,神经网络,prerequisite,深度学习,教材:神经网络构成深度学习基础,,,
17,数据标注,prerequisite,监督学习,补漏High:监督学习需标注数据,,,
18,智能体,applied-in,人工智能+X,语料:智能体应用是AI+X典型形态,,,
19,归结原理（消解原理）,applied-in,机器定理证明,复核:消解方法用于定理证明,,,
20,计算机视觉,applied-in,自动驾驶,语料:自动驾驶感知依赖视觉,,,
