concept_id,concept_name,tier,level,definition,reviewer,decision,comment
21,人工智能,Core,A总论,使机器模拟、延伸和扩展人类智能的理论、方法、技术及应用系统,,,
128,机器学习,Core,C技术/范式,让计算机从数据中自动学习规律并建立模型改进性能的核心AI技术,,,
73,大语言模型,Core,C技术/范式,经海量文本训练、能理解并生成自然语言的大规模模型,,,
165,神经网络,Core,C技术/范式,受生物神经元启发、由多层节点构成的参数化计算模型,,,
49,分类,Core,C技术/范式,将输入数据归入预设类别的机器学习基本任务,,,
162,知识表示,Core,C技术/范式,研究用计算机可处理的形式描述人类知识的方法体系,,,
188,自然语言处理（NLP）,Core,C技术/范式,"东南沃森核心技术NLP；江大""第四章：自然语言处理""",,,
197,计算机视觉,Core,C技术/范式,使机器从图像与视频中感知、识别与理解信息的技术,,,
127,机器人,Core,C技术/范式,具备感知与执行能力、可自主或按程序作业的智能机器,,,
187,自然语言处理,Core,C技术/范式,使机器理解、生成与处理人类自然语言的技术,,,
113,智能体（Agent）,Common,C技术/范式,"合工大""智能体具备规划与反思能力，支持工具调用与多智能体协同""",,,
30,人工智能素养,Common,F素养能力,理解并合乎伦理地有效使用人工智能所需的知识技能与价值观,,,
24,人工智能伦理,Common,G伦理治理,关于AI设计使用中价值原则与伦理规范的知识体系,,,
93,提示工程,Common,E工具产品,为语言模型设计有效提示词以优化输出质量的技能,,,
59,启发式搜索,Common,C技术/范式,"西电""2.4 启发式搜索""；东南深蓝""启发式搜索""",,,
196,计算思维,Common,F素养能力,以抽象分解算法化方式求解问题的思维方法,,,
83,强化学习,Common,C技术/范式,第四章强化学习；8.4强化学习,,,
151,监督学习,Common,C技术/范式,"交大""分类、回归、监督和无监督学习""；国防作""有监督学习""",,,
203,语音处理,Common,C技术/范式,"江大""3.1 语音处理的概念""；东南""如图像识别、语音处理、自然语言理解""",,,
185,自动驾驶,Common,D任务与应用,车辆自主完成环境感知规划决策与行驶控制的技术,,,
13,Transformer,Peripheral,C技术/范式,"交大""Transformer（2学时）""；合工大""揭示Transformer的结构与原理""",,,
105,数据科学,Peripheral,I数据资源,与AI素养相互结合的数据处理与分析科学领域,,,
90,批判性思维,Peripheral,F素养能力,分析评估AI能力局限与影响并进行论证推理的思维能力,,,
212,通用人工智能（AGI）,Peripheral,C技术/范式,"浙大概念辨析""GAI与AGI""；南大""通用人工智能发展突飞猛进""",,,
169,符号人工智能,Peripheral,C技术/范式,以符号与规则表示知识、进行逻辑推理的传统AI路线,,,
69,多模态学习,Peripheral,C技术/范式,"东南元谋""多模态学习结合文本、图像、声音等不同模态数据""",,,
211,透明度,Peripheral,G伦理治理,AI系统原理数据使用与局限向用户公开可理解的特性,,,
47,具身智能,Peripheral,J前沿方向,第5章具身智能机器人与应用,,,
208,跨媒体智能,Peripheral,J前沿方向,面向文本图像音频视频等跨媒体信息的统一感知与推理,,,
207,超人工智能,Peripheral,C技术/范式,"东南""几乎所有领域都比最聪明的人类大脑聪明很多""",,,
