concept_id,concept_name,concept_level,definition,A_judge,B_judge,A_comment,B_comment,decision(Y/N/boundary),reason(≤40字),suggested_decision,suggested_reason
104,数据标注,C技术/范式,对训练数据标注须制定规则、评估质量并培训人员的规范,Y,N,,可归入训练数据/数据质量，不单列,Y,数据要素常识点，通识可讲其作用与质量影响,Y,I档:数据标注为数据要素常识点，通识可讲其作用与质量影响
113,智能体（Agent）,C技术/范式,"合工大""智能体具备规划与反思能力，支持工具调用与多智能体协同""",Y,N,,与112智能体重复,Y,大模型时代新范式，大纲设独立单元,Y,C①:智能体为大模型时代新范式，语料多份大纲设独立单元
129,机器定理证明,C技术/范式,"西电""机器定理证明""；东南简史""机器定理证明、跳棋程序""",Y,N,经典AI里程碑,符号主义历史案例，可简要提及不单列,Y,经典符号推理思想单元，概念级可讲,Y,C③:经典符号推理思想单元(机器定理证明/归结)概念级可讲
13,Transformer,C技术/范式,"交大""Transformer（2学时）""；合工大""揭示Transformer的结构与原理""",N,Y,具体架构,现代大模型基石，应讲,Y,大语言模型核心，教材明确2学时讲授,Y,C①:Transformer为大语言模型核心概念，语料/教材明确讲授
135,模糊推理,C技术/范式,基于模糊集合理论模拟人类近似思维的推理方法,Y,N,,可用秃头悖论作趣味引入，但不单列,Y,教材第3章独立单元，概念级可讲,Y,"C③:王万良教材第3章独立单元""模拟人类思维的模糊推理"""
136,模糊逻辑,C技术/范式,"合工大""通过秃头悖论引出模糊逻辑""；西电""模糊逻辑与模糊推理""",Y,N,经典AI思想单元,秃头悖论可作趣味引入，但不必单列,Y,教材第3章含模糊逻辑，大纲独立讲,Y,"C③:教材第3章含模糊逻辑；合肥工大大纲""模糊逻辑与推理""独立讲"
141,深度强化学习,C技术/范式,结合深度神经网络与强化学习的智能决策学习方法,N,Y,进阶具体方法,可归入强化学习,N,知识已由强化学习承载，通识不单列,N,"C①组合技术细节：知识已由""强化学习""承载，通识不单列"
142,深度推理,C技术/范式,支撑机器进行深层次逻辑与知识推理的智能计算方法,N,Y,概念模糊,可作知识表示与推理的总括,N,政策研究用语，缺通识独立教学单元,N,四点检验:深度推理多为政策/研究用语，缺通识独立教学单元
150,生物特征识别,C技术/范式,依据人脸/指纹/虹膜等生理特征识别身份的技术,N,Y,具体识别技术,可归入模式识别/人脸识别,Y,典型识别任务并牵隐私议题，常设单元,Y,D:人脸/指纹识别为典型任务并牵隐私议题，通识常设单元
164,知识计算,C技术/范式,面向知识的获取、组织与推理应用的计算方法与技术,N,Y,概念模糊,与知识图谱/知识表示重叠,N,政策用语，缺通识独立教学场景,N,四点检验:知识计算为政策用语，缺通识教学场景
186,自然交互,C技术/范式,智能体以语言等自然方式与人互动的理念与能力,N,Y,与人机交互重复,可归入人机交互讲授,N,已由人机交互/语音识别承载，少独立单元,N,"内容已由""人机交互/语音识别""承载，独立教学单元少见"
187,自然语言处理,C技术/范式,使机器理解、生成与处理人类自然语言的技术,Y,N,,与188重复,Y,方法族，NLP明确收录,Y,C①:自然语言处理为方法族明确收录
54,卷积神经网络,C技术/范式,面向图像等数据、含卷积运算的典型深度网络结构,N,Y,具体模型,可归入神经网络讲其应用思想，不单列,Y,教材设CNN独立单元，可讲核心思想,Y,C②:国防科大6.6/王教材8.5设CNN独立单元，可讲核心思想
58,启发式图搜索策略,C技术/范式,利用启发信息和估价函数指导搜索以提高效率的策略,N,Y,具体搜索策略,可归入启发式搜索,Y,王教材4.5独立小节,Y,"C③:王万良教材4.5""启发式图搜索策略""为独立小节"
59,启发式搜索,C技术/范式,"西电""2.4 启发式搜索""；东南深蓝""启发式搜索""",N,Y,具体搜索策略,可作AI问题求解的思维方式引入,Y,搜索策略核心，国防科大2.4独立小节,Y,C③:搜索策略核心(启发式搜索)，国防科大2.4独立小节
66,多媒体信息处理,C技术/范式,对文本图像音频视频等多类型媒体综合处理的技术,N,Y,偏多媒体技术,可归入多模态/跨媒体智能,N,已由多模态语境承载，少独立单元,N,"四点检验:多媒体信息处理已由""多模态大模型""语境承载，少独立单元"
84,归结原理（消解原理）,C技术/范式,"国防""经典逻辑与归结原理""；西电作""消解原理与子句集求解""",Y,N,,形式逻辑推理的具体技术，偏专业,Y,符号推理经典单元，导论型大纲讲授,Y,C③:归结(消解)为符号推理经典单元，技术导论型大纲讲授
198,计算素养,F素养能力,理解编程逻辑与算法思维的素养,Y,N,素养类,与计算思维重复，非独立,N,与计算思维重叠，中文课程极少单列,N,"F:与""计算思维""重叠，中文课程极少单列计算素养"
205,课程思政,F素养能力,积极引入课程思政内容,Y,N,课程须体现,教学导向而非知识点,Y,课程确须体现的价值要求，低权重,Y,F:课程思政为课程确须体现的价值要求(低权重)
25,人工智能思维,F素养能力,培养学生具备人工智能思维能力,N,Y,素养口号,通识核心目标之一,Y,多份大纲作为培养目标单元,Y,F:AI思维在多份大纲作为培养目标单元(合肥工大等)
43,信息素养,F素养能力,评估与使用信息的能力、与AI素养辨析相关,Y,N,,非AI专属，通识侧重AI素养,Y,明确收录的素养族知识单元,Y,F:信息素养为明确收录的素养族知识单元
74,媒体素养,F素养能力,评判AI生成媒体与信息操纵的能力,Y,N,AI媒体素养,可归入AI素养，不单列,N,与信息素养/批判性评估重叠，可并入,N,F:与信息素养/批判性评估重叠，可并入不单列
98,数字素养,F素养能力,数字时代使用数字系统的总体能力素养,Y,N,,非AI专属，通识课侧重AI素养而非一般数字素养,Y,明确收录的素养族知识单元,Y,F:数字素养为明确收录的素养族知识单元
220,隐私保护,G伦理治理,"浙大""如隐私保护、算法偏见、数据安全等""；东南""隐私与安全？""",Y,N,,与219隐私与数据保护重复,N,与已收隐私与数据保护重复，不单列,N,"去重:与已收""隐私与数据保护""重复，不单列"
99,数据偏差,G伦理治理,训练数据不具代表性或带偏误标记导致AI输出偏颇,Y,N,,可归入算法偏见讲授,Y,偏见族主概念，伦理模块讲数据层面机制,Y,G:数据偏差为偏见族主概念(数据层面机制)，伦理模块讲
156,知识产权,H法律监管,"交大""包括数据伪造和知识产权，国家相关政策和法律法规""",Y,N,,与157重复，合并,N,与已收知识产权与版权重复，不单列,N,"去重:与已收""知识产权与版权""重复，不单列"
178,群体智能,J前沿方向,大量个体通过协同与交互涌现的集体智能,Y,N,,可归入群智能/混合增强智能，不单列,Y,教材第6章群体智能设独立单元,Y,"C③/J:教材第6章群智能算法与大纲""群体智能""独立单元"
16,个性化学习,K教育应用,依据学习者差异定制内容路径的因材施教方式,Y,N,,教育理念而非AI知识点,Y,学生用AI于学习的学生视角能力,Y,K:个性化学习为学生用AI于学习的学生视角能力
22,人工智能+X,K教育应用,人工智能与各学科交叉融合的复合型人才培养模式,Y,N,AI+X概念,培养模式而非知识点,Y,中国特色培养模式，学科融合模块讲,Y,"K:AI+X为中国特色培养模式，通识""学科融合""模块讲"
26,人工智能教育大模型,K教育应用,面向教育场景研发并强化价值对齐与安全伦理能力的大模型,N,Y,平台/工具视角,教育垂直应用，可作案例,N,平台/基础设施视角，默认N,N,K:人工智能教育大模型为平台/基础设施视角，默认N
32,人工智能辅助决策,K教育应用,由AI分析提供建议而由人类掌控并承担责任的决策方式,Y,N,人机协同决策概念,应用描述，可归入人机协同,Y,涉及人类主导原则，学生素养要点,Y,"K:辅助决策涉及""人类主导""原则，为学生素养要点"
75,学习分析,K教育应用,采集分析学习者过程数据以改进教学评估与学习,Y,N,,教育技术视角，非学生知识点,Y,用数据支持学习，学生视角能力,Y,K:学习分析(用数据支持学习)为学生视角能力
