source_concept_id,source_concept,relation_type,target_concept_id,target_concept,evidence,confidence,batch
64,基础模型,based-on,140,深度学习,方法/理论奠基关系,medium,L2_based-on
129,机器定理证明,based-on,214,逻辑系统,方法/理论奠基关系,medium,L2_based-on
165,神经网络,based-on,210,连接主义,方法/理论奠基关系,medium,L2_based-on
67,多模态大模型,based-on,69,多模态学习,方法/理论奠基关系,medium,L2_based-on
168,符号主义,equivalent,169,符号人工智能,同义术语(语义等价),high,L2_equivalent
112,智能体,equivalent,113,智能体（Agent）,同义术语(语义等价),high,L2_equivalent
187,自然语言处理,equivalent,188,自然语言处理（NLP）,同义术语(语义等价),high,L2_equivalent
167,科技向善,equivalent,118,智能向善,同义术语(语义等价),high,L2_equivalent
146,状态空间搜索,operates-on,145,状态空间,搜索操作对象(方向修正),high,L2_operates-on
133,模式识别,overlapping,128,机器学习,概念语义交叠,medium,L2_overlapping
36,人机协同,overlapping,143,混合增强智能,概念语义交叠,medium,L2_overlapping
112,智能体,overlapping,184,自主智能系统,概念语义交叠,medium,L2_overlapping
69,多模态学习,overlapping,208,跨媒体智能,概念语义交叠,medium,L2_overlapping
38,人类尊严,is-a,42,伦理原则,伦理原则族(方案块2.1),medium,伦理子网_原则
46,公平性,is-a,42,伦理原则,伦理原则族(方案块2.1),medium,伦理子网_原则
211,透明度,is-a,42,伦理原则,伦理原则族(方案块2.1),medium,伦理子网_原则
57,可解释性,is-a,42,伦理原则,伦理原则族(方案块2.1),medium,伦理子网_原则
218,问责与责任,is-a,42,伦理原则,伦理原则族(方案块2.1),medium,伦理子网_原则
3,AI安全,is-a,42,伦理原则,伦理原则族(方案块2.1),medium,伦理子网_原则
51,包容性与文化多样性,is-a,42,伦理原则,伦理原则族(方案块2.1),medium,伦理子网_原则
56,可持续性与环境影响,is-a,42,伦理原则,伦理原则族(方案块2.1),medium,伦理子网_原则
39,人类能动性与自主权,is-a,42,伦理原则,伦理原则族(方案块2.1),medium,伦理子网_原则
155,知情同意,is-a,42,伦理原则,伦理原则族(方案块2.1),medium,伦理子网_原则
102,数据所有权,is-a,42,伦理原则,伦理原则族(方案块2.1),medium,伦理子网_原则
155,知情同意,part-of,219,隐私与数据保护,隐私保护的知情同意环节,high,伦理子网_结构
102,数据所有权,part-of,219,隐私与数据保护,数据权利与隐私交叉,high,伦理子网_结构
55,可信人工智能,part-of,3,AI安全,可信是安全目标维度,high,伦理子网_结构
57,可解释性,part-of,55,可信人工智能,可解释支撑可信,medium,伦理子网_结构
99,数据偏差,prerequisite,172,算法偏见与算法歧视,数据偏差是算法偏见的成因,high,伦理子网_结构
172,算法偏见与算法歧视,part-of,24,人工智能伦理,AI伦理风险/议题范围(方案块2.2),medium,伦理子网_风险
99,数据偏差,part-of,24,人工智能伦理,AI伦理风险/议题范围(方案块2.2),medium,伦理子网_风险
174,算法霸权,part-of,24,人工智能伦理,AI伦理风险/议题范围(方案块2.2),medium,伦理子网_风险
44,信息茧房,part-of,24,人工智能伦理,AI伦理风险/议题范围(方案块2.2),medium,伦理子网_风险
139,深度伪造,part-of,24,人工智能伦理,AI伦理风险/议题范围(方案块2.2),medium,伦理子网_风险
4,AI幻觉,part-of,24,人工智能伦理,AI伦理风险/议题范围(方案块2.2),medium,伦理子网_风险
209,过度依赖人工智能,part-of,24,人工智能伦理,AI伦理风险/议题范围(方案块2.2),medium,伦理子网_风险
78,就业替代与社会影响,part-of,24,人工智能伦理,AI伦理风险/议题范围(方案块2.2),medium,伦理子网_风险
41,伦理冲突,part-of,24,人工智能伦理,AI伦理风险/议题范围(方案块2.2),medium,伦理子网_风险
215,道德困境,part-of,24,人工智能伦理,AI伦理风险/议题范围(方案块2.2),medium,伦理子网_风险
76,学术伦理,part-of,24,人工智能伦理,AI伦理风险/议题范围(方案块2.2),medium,伦理子网_风险
202,设计伦理,part-of,24,人工智能伦理,AI伦理风险/议题范围(方案块2.2),medium,伦理子网_风险
138,欧盟AI法案,is-a,6,AI治理与监管,AI专门立法的制度实例,medium,法律子网
213,通用数据保护条例,is-a,6,AI治理与监管,约束AI数据处理的制度,medium,法律子网
157,知识产权与版权,standalone(独立节点),,—,"方案块3决定:属既有法律体系,不挂AI治理与监管",high,法律子网_独立
