source_concept_id,source_concept,relation_type,target_concept_id,target_concept,evidence,confidence,note
112,智能体,applied-in,22,人工智能+X,语料:智能体应用是AI+X典型形态,medium,复核保留
128,机器学习,applied-in,92,推荐系统,语料:推荐系统使用机器学习建模用户行为,high,复核保留
133,模式识别,applied-in,150,生物特征识别,复核:模式识别应用于生物识别(方向修正),medium,复核修改(方向)
140,深度学习,applied-in,62,图像识别,语料:CNN等深度学习用于图像识别,high,复核保留
148,生成式人工智能,applied-in,139,深度伪造,补漏Medium:生成式AI滥用方向,medium,补漏
187,自然语言处理,applied-in,130,机器翻译,语料:机器翻译应用NLP技术,high,复核保留
197,计算机视觉,applied-in,185,自动驾驶,语料:自动驾驶感知依赖视觉,high,复核保留
197,计算机视觉,applied-in,40,人脸识别,语料:人脸识别依赖计算机视觉技术,high,复核保留
204,语音识别,applied-in,35,人机交互,语料:语音助手实现人机交互,medium,复核保留
47,具身智能,applied-in,127,机器人,补漏Medium:具身智能载体为机器人,medium,补漏
75,学习分析,applied-in,16,个性化学习,补漏Medium:学习分析支撑个性化学习,medium,补漏
84,归结原理（消解原理）,applied-in,129,机器定理证明,复核:消解方法用于定理证明,high,复核修改
103,数据挖掘,is-a,128,机器学习,补漏Medium(可overlapping):数据挖掘与ML高度重叠,medium,补漏
109,无监督学习,is-a,128,机器学习,通用划分,high,复核保留
127,机器人,is-a,112,智能体,定义:具身智能体的一种,medium,复核保留
128,机器学习,is-a,21,人工智能,定义/通用划分,high,复核保留
130,机器翻译,is-a,187,自然语言处理,语料:机器翻译是NLP典型任务,high,复核保留
135,模糊推理,part-of,136,模糊逻辑,教材:模糊推理基于模糊逻辑框架,high,审计修正(类型)
140,深度学习,is-a,128,机器学习,通用划分:深度学习是机器学习的分支,high,复核保留
145,状态空间,is-a,162,知识表示,教材:状态空间法是问题求解表示法,medium,复核保留
146,状态空间搜索,is-a,95,搜索算法,语料:国防科大2.2通用图搜索/状态空间,medium,复核保留
148,生成式人工智能,is-a,140,深度学习,定义:基于深度生成模型的AI,high,复核保留
15,专家系统,is-a,168,符号主义,教材:专家系统是符号知识系统的代表,high,复核保留
151,监督学习,is-a,128,机器学习,通用划分,high,复核保留
158,知识图谱,is-a,162,知识表示,教材:知识图谱是结构化知识表示,high,复核保留
165,神经网络,is-a,128,机器学习,教材:神经网络属机器学习方法家族,high,复核保留
181,聚类,is-a,109,无监督学习,补漏High:聚类的无监督学习定位,high,补漏
184,自主智能系统,is-a,112,智能体,补漏Medium:与智能体定义重合,medium,补漏
187,自然语言处理,is-a,21,人工智能,通用划分:AI语言技术领域,high,复核保留
189,自然语言理解,is-a,187,自然语言处理,定义:NLU是NLP核心子领域,high,复核保留
204,语音识别,is-a,203,语音处理,语料:语音识别是语音处理的识别任务,high,复核保留
207,超人工智能,is-a,212,通用人工智能（AGI）,补漏High:AI分级,high,补漏
21,人工智能,is-a,110,智能,定义:人工智能是对人类智能的模拟与延伸,high,复核保留
212,通用人工智能（AGI）,is-a,82,强人工智能,补漏High:AI分级,high,补漏
222,预训练,is-a,132,模型训练,复核:预训练是模型训练方式,high,复核修改
40,人脸识别,is-a,150,生物特征识别,语料:人脸识别是生物特征识别方式,high,复核保留
49,分类,is-a,151,监督学习,补漏High:分类的监督学习定位,high,补漏
54,卷积神经网络,is-a,140,深度学习,补漏High:CNN为深度网络代表,high,补漏
54,卷积神经网络,is-a,165,神经网络,语料:国防科大6.6/王教材8.5卷积神经网络,high,复核保留
58,启发式图搜索策略,is-a,59,启发式搜索,教材:启发式图搜索是启发式搜索典型策略,medium,复核保留
59,启发式搜索,is-a,95,搜索算法,语料:国防科大2.4启发式搜索(搜索算法之一),high,复核保留
62,图像识别,is-a,133,模式识别,补漏Medium:图像识别为模式识别在图像域的实例,medium,补漏
62,图像识别,is-a,197,计算机视觉,语料:图像识别是计算机视觉任务,high,复核保留
67,多模态大模型,is-a,64,基础模型,定义:多模态基础模型,high,复核保留
68,多模态大语言模型（MLLM）,is-a,73,大语言模型,定义:MLLM是支持多模态的大语言模型,medium,复核保留
73,大语言模型,is-a,64,基础模型,定义:LLM是基础模型(语言类),high,复核保留
81,弱人工智能,is-a,21,人工智能,补漏High:AI分级,high,补漏
82,强人工智能,is-a,21,人工智能,补漏High:AI分级,high,补漏
83,强化学习,is-a,128,机器学习,通用划分:三大学习范式之一,high,复核保留
100,数据分析,part-of,105,数据科学,补漏Medium:数据科学方法链,medium,补漏
103,数据挖掘,part-of,105,数据科学,补漏Medium:数据科学方法链,medium,补漏
106,数据素养,part-of,30,人工智能素养,补漏Low:素养叶子挂上层,low,补漏
106,数据素养,part-of,98,数字素养,补漏Low:数字素养与AI素养交叉,low,补漏
13,Transformer,part-of,165,神经网络,复核:架构归属,medium,复核修改
160,知识库,part-of,15,专家系统,教材:王万良教材9.3专家系统一般结构(知识库),high,复核保留
163,知识表示与推理,part-of,159,知识工程,补漏High:知识工程核心环节,high,补漏
170,算力,part-of,21,人工智能,补漏Medium:AI三要素(算力),medium,补漏
171,算法,part-of,21,人工智能,补漏Medium:AI三要素(算法),medium,补漏
196,计算思维,part-of,30,人工智能素养,补漏Low:素养叶子挂上层,low,补漏
197,计算机视觉,part-of,21,人工智能,复核:AI技术领域构成,medium,复核修改
201,训练数据,part-of,132,模型训练,定义:训练数据是模型训练输入,high,复核保留
203,语音处理,is-a,21,人工智能,复核:AI技术领域构成,medium,审计修正(类型)
25,人工智能思维,part-of,30,人工智能素养,补漏Low:素养叶子挂上层,low,补漏
43,信息素养,part-of,106,数据素养,补漏Low:素养层次,low,补漏
70,大数据,part-of,21,人工智能,补漏Medium:AI三要素(数据),medium,补漏
86,微调,part-of,132,模型训练,定义:微调是模型训练的迁移方式,high,复核保留
95,搜索算法,part-of,94,搜索策略,补漏High:搜索链补全,high,补漏
104,数据标注,prerequisite,151,监督学习,补漏High:监督学习需标注数据,high,补漏
128,机器学习,prerequisite,140,深度学习,教材:深度学习以机器学习为基础,high,复核保留
132,模型训练,prerequisite,86,微调,定义:先训练再微调,medium,复核保留
162,知识表示,prerequisite,15,专家系统,教材:知识表示是知识系统构建前提,medium,复核保留
165,神经网络,prerequisite,140,深度学习,教材:神经网络构成深度学习基础,high,复核保留
64,基础模型,prerequisite,86,微调,定义:微调面向预训练基础模型,high,复核保留
73,大语言模型,prerequisite,93,提示工程,语料:提示工程针对大语言模型,high,复核保留
83,强化学习,prerequisite,112,智能体,补漏Medium:智能体决策基础,medium,补漏
