concept_id,concept_name,concept_level,definition,judge(Y/N),confidence(high/low),comment
178,群体智能,J前沿方向,大量个体通过协同与交互涌现的集体智能,Y,high,
61,回溯策略,C技术/范式,试探性搜索中沿失败路径回溯改走其他分支的求解策略,N,low,具体搜索策略
56,可持续性与环境影响,G伦理治理,AI发展兼顾能耗碳排放与生态承载力的可持续议题,Y,high,
29,人工智能法案,H法律监管,"东南欧盟""《人工智能法案》提案/折衷草案""",N,low,草案式文件名，与欧盟AI法案重复
92,推荐系统,D任务与应用,依据用户数据与行为自动推送个性化内容的算法系统,Y,high,
30,人工智能素养,F素养能力,理解并合乎伦理地有效使用人工智能所需的知识技能与价值观,Y,high,
52,半监督学习,C技术/范式,联合少量标注与大量未标注数据学习的范式,N,low,进阶范式，非通识核心
104,数据标注,C技术/范式,对训练数据标注须制定规则、评估质量并培训人员的规范,Y,high,
167,科技向善,G伦理治理,培育科技向善的价值观,Y,low,课程须体现，偏价值观
208,跨媒体智能,J前沿方向,面向文本图像音频视频等跨媒体信息的统一感知与推理,Y,low,前沿方向
183,脑科学,J前沿方向,研究大脑结构功能与神经机制、为AI提供启发的科学,N,high,背景学科
192,虚拟现实,D任务与应用,用计算生成可交互沉浸式三维虚拟环境的技术,N,low,非AI核心，偏展示技术
203,语音处理,C技术/范式,"江大""3.1 语音处理的概念""；东南""如图像识别、语音处理、自然语言理解""",Y,high,
67,多模态大模型,C技术/范式,8.2多模态大模型（热点问题）,Y,high,
45,全民人工智能素养,F素养能力,以长效机制推动全体国民普遍提升人工智能素养的培育目标,N,low,培育目标口号
69,多模态学习,C技术/范式,"东南元谋""多模态学习结合文本、图像、声音等不同模态数据""",Y,high,
144,物联网,C技术/范式,任务1物联网助力人工智能,N,high,支撑设施
200,认知计算,J前沿方向,模拟人类认知过程、以自然语言理解与决策为目标的计算范式,N,low,背景/远景方向
115,智能农业,D任务与应用,人工智能应用于农业生产与管理的领域,N,high,行业应用场景
141,深度强化学习,C技术/范式,结合深度神经网络与强化学习的智能决策学习方法,N,low,进阶具体方法
210,连接主义,C技术/范式,主张模拟神经网络结构与连接机制实现智能的学派,Y,high,
93,提示工程,E工具产品,为语言模型设计有效提示词以优化输出质量的技能,Y,high,
9,BP算法（误差反向传播）,C技术/范式,"东南""1986年提出BP算法""；国防""6.4 误差反向传播网络""",N,high,具体算法
42,伦理原则,G伦理治理,指导AI设计使用的基本伦理准则(不伤害/非歧视/比例/透明/可持续等),Y,high,
82,强人工智能,C技术/范式,"东南""类似人类级别的人工智能，各方面与人类比肩""",Y,high,
65,增强现实,D任务与应用,将虚拟信息实时叠加显示到真实环境的技术,N,low,非AI核心
21,人工智能,A总论,使机器模拟、延伸和扩展人类智能的理论、方法、技术及应用系统,Y,high,
68,多模态大语言模型（MLLM）,C技术/范式,"浙大""多模态大语言模型：AI绘画、扩散模型和MLLM研究前沿""",Y,high,
181,聚类,C技术/范式,按相似度将数据自动分组的无监督学习方法,Y,high,
124,智能教育,D任务与应用,以人工智能支撑个性化教与学与教育治理的教育形态,N,high,行业应用场景
101,数据处理,I数据资源,认识AI系统如何加工输入数据并从中学习的知识,Y,high,
148,生成式人工智能,C技术/范式,基于海量数据训练、能自主生成文本/图像/音频/视频等新内容的人工智能,Y,high,
113,智能体（Agent）,C技术/范式,"合工大""智能体具备规划与反思能力，支持工具调用与多智能体协同""",Y,high,
89,扩散模型,C技术/范式,"东南元谋""扩散模型…生成逼真图像""；浙大""AI绘画、扩散模型""",N,low,具体模型
100,数据分析,I数据资源,对数据进行整理分析与建模以提取有用信息的过程,Y,high,
46,公平性,G伦理治理,要求AI决策与使用不对特定人群偏颇对待的原则,Y,high,
211,透明度,G伦理治理,AI系统原理数据使用与局限向用户公开可理解的特性,Y,high,
26,人工智能教育大模型,K教育应用,面向教育场景研发并强化价值对齐与安全伦理能力的大模型,N,low,平台/工具视角
219,隐私与数据保护,G伦理治理,个人数据在采集使用共享中不被侵犯且受法律保护,Y,high,
187,自然语言处理,C技术/范式,使机器理解、生成与处理人类自然语言的技术,Y,high,
33,人工智能辅助评估,F素养能力,用AI支持形成性评价与反馈但由人对结论负责的评估,N,low,应用场景，非独立知识单元
98,数字素养,F素养能力,数字时代使用数字系统的总体能力素养,Y,high,
95,搜索算法,C技术/范式,在问题空间中搜索解路径的算法,Y,high,
7,AI编码工具,E工具产品,辅助编程与数据分析的AI应用工具,N,high,工具形态
217,量子智能计算,J前沿方向,利用量子计算原理加速人工智能任务的计算范式,N,high,远景方向
77,小样本学习,C技术/范式,在极少标注样本条件下仍能有效学习的方法,N,low,进阶范式
90,批判性思维,F素养能力,分析评估AI能力局限与影响并进行论证推理的思维能力,Y,high,
112,智能体,C技术/范式,能感知环境并自主推理决策与行动的AI程序或系统,Y,high,
130,机器翻译,C技术/范式,利用计算机自动实现不同语言间互译的技术,Y,high,
177,线性回归,C技术/范式,线性回归：预测未来趋势,N,high,具体算法
44,信息茧房,G伦理治理,算法持续推送同质信息使个体视野固化独立思考受损,Y,high,
136,模糊逻辑,C技术/范式,"合工大""通过秃头悖论引出模糊逻辑""；西电""模糊逻辑与模糊推理""",Y,low,经典AI思想单元
36,人机协同,C技术/范式,人与机器优势互补、共同完成任务的协作模式,Y,high,
190,自适应学习系统,K教育应用,按学生学情自适应调整教学支持个性化学习的AI系统,N,low,系统/平台形态
118,智能向善,G伦理治理,人工智能发展应用须坚持的向善伦理价值取向与原则,Y,high,
198,计算素养,F素养能力,理解编程逻辑与算法思维的素养,Y,low,素养类
127,机器人,C技术/范式,具备感知与执行能力、可自主或按程序作业的智能机器,Y,low,AI重要载体概念
47,具身智能,J前沿方向,第5章具身智能机器人与应用,Y,high,
185,自动驾驶,D任务与应用,车辆自主完成环境感知规划决策与行驶控制的技术,Y,high,
64,基础模型,C技术/范式,经大规模预训练、可适配多种任务并支持定向微调的通用模型,Y,high,
53,博弈树搜索,C技术/范式,"国防""2.5 博弈树搜索""；西电""博弈与博弈树搜索""",N,low,具体搜索算法
106,数据素养,F素养能力,理解解释处理数据并据以决策的能力、AI素养的基础,Y,high,
71,大数据思维,F素养能力,"厦大""了解大数据基本概念及大数据思维""",N,high,素养口号
40,人脸识别,D任务与应用,人脸识别：机器也认识你,Y,low,任务+隐私伦理议题
20,产生式表示法,C技术/范式,以条件-动作形式的产生式规则描述知识的方法,N,low,具体表示方法
96,支持向量机,C技术/范式,理解支持向量机算法，SVM分类鸢尾花,N,high,具体算法
189,自然语言理解,C技术/范式,使机器理解自然语言语义与意图、NLP的核心,Y,high,
149,生成式人工智能大学生使用指南,C技术/范式,"合工大第五部分""引导学生科学、规范地使用GAI工具，平衡创新与伦理""",N,high,文档标题非概念
182,脑机协同,J前沿方向,利用大脑信号实现人脑与机器协同交互的技术,N,low,交叉/远景方向
111,智能交通,D任务与应用,通过感知与协同实现交通疏导监控与指挥的系统,N,high,行业应用场景
160,知识库,C技术/范式,用于问题求解与语义处理的结构化知识集合,Y,low,概念级
73,大语言模型,C技术/范式,经海量文本训练、能理解并生成自然语言的大规模模型,Y,high,
213,通用数据保护条例,H法律监管,规范个人数据处理的欧盟法规、对生成式AI具有约束力,Y,high,
85,循环神经网络,C技术/范式,含循环连接、适合处理序列数据的神经网络结构,N,low,具体模型
128,机器学习,C技术/范式,让计算机从数据中自动学习规律并建立模型改进性能的核心AI技术,Y,high,
151,监督学习,C技术/范式,"交大""分类、回归、监督和无监督学习""；国防作""有监督学习""",Y,high,
142,深度推理,C技术/范式,支撑机器进行深层次逻辑与知识推理的智能计算方法,N,low,概念模糊
12,K近邻算法,C技术/范式,理解K近邻算法并识别手写数字,N,high,具体算法
174,算法霸权,G伦理治理,算法权力滥用导致的不公支配与控制风险,Y,low,治理议题
184,自主智能系统,J前沿方向,无需人在回路、可自主感知决策与行动的系统,Y,high,
107,新一代人工智能伦理规范,G伦理治理,"东南""AI已成为国家战略""政策文档列表",N,high,政策文件名
38,人类尊严,G伦理治理,AI应用须尊重人之尊严的伦理底线,Y,high,
43,信息素养,F素养能力,评估与使用信息的能力、与AI素养辨析相关,Y,high,
79,幸存者偏差,G伦理治理,"浙大伦理安全知识点含""幸存者偏差""",N,low,数据偏差的例证
125,智能物流,D任务与应用,人工智能应用于仓储分拣配送的领域,N,high,行业应用场景
34,人工智能通识核心课,C技术/范式,"南大""面向全体本科生开设'人工智能通识核心课'""",N,high,课程名称非概念
57,可解释性,G伦理治理,AI系统能以人类可理解方式说明输出依据与推理过程,Y,high,
199,认知科学,J前沿方向,综合多学科研究人类认知活动规律的科学,N,high,背景学科
220,隐私保护,G伦理治理,"浙大""如隐私保护、算法偏见、数据安全等""；东南""隐私与安全？""",Y,high,
6,AI治理与监管,H法律监管,政府提供者用户等共同对AI负责并实施监管的制度机制,Y,high,
126,智能金融,D任务与应用,人工智能应用于金融服务与风险防控的领域,N,high,行业应用场景
158,知识图谱,C技术/范式,以实体与语义关系构成的大规模结构化知识网络,Y,high,
140,深度学习,C技术/范式,基于多层神经网络自动学习数据特征与规律的方法,Y,high,
204,语音识别,C技术/范式,将语音信号自动识别为文本或指令的技术,Y,high,
131,框架表示法,F素养能力,以框架结构组织实体与属性知识的知识表示方法,N,low,具体表示方法
202,设计伦理,G伦理治理,将伦理原则预先嵌入AI设计开发流程以避免事后补救,Y,low,伦理设计方法
27,人工智能概论,C技术/范式,全面介绍人工智能基本理论、技术及应用的开篇教学单元,N,high,课程名称非概念
3,AI安全,G伦理治理,防范AI设计使用中的泄露滥用与危害的安全保障,Y,high,
39,人类能动性与自主权,G伦理治理,坚持AI由人类主导并保障人的自主决策权,Y,high,
171,算法,C技术/范式,人工智能处理数据并实现分析、预测与生成功能的步骤规则,Y,high,
170,算力,I数据资源,"东南""人工智能三要素：数据、算力、算法、场景""",Y,high,
147,生成对抗网络,C技术/范式,生成器与判别器相互对抗训练实现数据生成的网络模型,N,low,具体模型
216,遗传算法,C技术/范式,模拟生物进化中选择、交叉、变异机制搜索最优解的算法,N,low,具体算法
110,智能,A总论,人类智能的概念与特征，人工智能研究的出发点,Y,high,
138,欧盟AI法案,H法律监管,欧盟以风险分级方式统一规制AI的首部综合性立法,Y,high,
15,专家系统,C技术/范式,用规则与知识库模拟领域专家决策的系统,Y,high,
50,创新思维,F素养能力,"交大思维目标""自主学习与创新思维""；江大""培养创新思维意识""",N,high,通用素养口号
83,强化学习,C技术/范式,第四章强化学习；8.4强化学习,Y,high,
222,预训练,E工具产品,"浙大""预训练大语言模型的微调""；合工大""大模型预训练、领域微调与强化学习""",Y,high,
186,自然交互,C技术/范式,智能体以语言等自然方式与人互动的理念与能力,N,low,与人机交互重复
150,生物特征识别,C技术/范式,依据人脸/指纹/虹膜等生理特征识别身份的技术,N,low,具体识别技术
94,搜索策略,C技术/范式,在问题状态空间中寻找解的智能搜索方法知识单元,Y,high,
195,行为主义,C技术/范式,主张通过感知-行动与进化机制产生智能的学派,Y,high,
162,知识表示,C技术/范式,研究用计算机可处理的形式描述人类知识的方法体系,Y,high,
58,启发式图搜索策略,C技术/范式,利用启发信息和估价函数指导搜索以提高效率的策略,N,low,具体搜索策略
206,谓词逻辑,C技术/范式,"国防""谓词逻辑表示与归结""；西电""谓词逻辑表示与推理技术""",N,low,形式逻辑细节
166,科学思维,F素养能力,"国防""培养科学思维、创新精神和前瞻视野""",N,high,通用素养口号
88,感知机（感知器）,C技术/范式,"浙大""感知机模型（Perceptron）""；国防""6.3 感知器""",N,low,具体模型
135,模糊推理,C技术/范式,基于模糊集合理论模拟人类近似思维的推理方法,Y,high,
63,图灵测试,A总论,检测机器能否表现出人类智能的经典判据与测试方法,Y,high,
176,粒子群优化算法,C技术/范式,模拟鸟群觅食飞行行为的群体智能优化算法,N,low,具体算法
173,算法思维,F素养能力,"南大X素养课""算法思维与技能""",N,low,与计算思维重叠
157,知识产权与版权,H法律监管,AI训练数据与生成内容的版权归属与使用规范,Y,high,
194,蚁群算法,C技术/范式,"西电""7.2 蚁群算法""",N,low,具体算法
13,Transformer,C技术/范式,"交大""Transformer（2学时）""；合工大""揭示Transformer的结构与原理""",N,low,具体架构
91,批判性评估AI,F素养能力,审视AI工具优势局限与风险后再决定是否及如何使用的能力,Y,high,
32,人工智能辅助决策,K教育应用,由AI分析提供建议而由人类掌控并承担责任的决策方式,Y,low,人机协同决策概念
35,人机交互,C技术/范式,人与机器之间进行信息交换与协同的技术与方式,Y,low,概念级
31,人工智能素养课,F素养能力,"南大""X门人工智能素养课""（基础课+应用课）",N,high,课程名称非概念
172,算法偏见与算法歧视,G伦理治理,AI因训练数据或设计缺陷对特定群体产生系统性偏差,Y,high,
188,自然语言处理（NLP）,C技术/范式,"东南沃森核心技术NLP；江大""第四章：自然语言处理""",Y,high,
86,微调,E工具产品,在预训练模型基础上用特定数据继续训练以适配目标任务,Y,high,
80,开源人工智能,E工具产品,源代码与模型公开可审查定制的人工智能软件与模型,Y,high,
23,人工智能+教育,C技术/范式,以人工智能赋能教育变革的行动方向，推动智能技术与教育全要素融合,N,low,政策方向口号
87,感知器,C技术/范式,掀起人工神经网络第一次高潮的早期神经元学习模型,N,low,具体模型
70,大数据,I数据资源,海量多样快速产生且需新型处理技术的数据集合与资源,Y,high,
175,类脑智能,J前沿方向,借鉴大脑结构与运行机理的智能计算范式,N,high,远景方向
19,云计算,C技术/范式,云计算助力人工智能；云计算技术,N,high,支撑设施
109,无监督学习,C技术/范式,从无标注数据中发现结构与规律的学习范式,Y,high,
196,计算思维,F素养能力,以抽象分解算法化方式求解问题的思维方法,Y,high,
97,数字导师,K教育应用,以智能体形式为学生提供指导与反馈的AI导师应用,N,high,教师/平台视角
122,智能导师系统,K教育应用,提供个性化辅导与自动反馈的AI教育系统,N,high,教师/平台视角
14,k均值聚类,C技术/范式,将数据划分为k个相似簇的经典聚类算法,N,high,具体算法
54,卷积神经网络,C技术/范式,面向图像等数据、含卷积运算的典型深度网络结构,N,low,具体模型
55,可信人工智能,G伦理治理,"交大""了解可信人工智能的概念和范畴""（可信的安全与伦理问题）",Y,high,
1,5G技术,C技术/范式,认识5G技术；关键技术5G技术,N,high,支撑设施
5,AI思维,F素养能力,利用算法与知识库处理结构化与非结构化数据的思维,N,low,素养口号
156,知识产权,H法律监管,"交大""包括数据伪造和知识产权，国家相关政策和法律法规""",Y,high,
99,数据偏差,G伦理治理,训练数据不具代表性或带偏误标记导致AI输出偏颇,Y,high,
75,学习分析,K教育应用,采集分析学习者过程数据以改进教学评估与学习,Y,high,
197,计算机视觉,C技术/范式,使机器从图像与视频中感知、识别与理解信息的技术,Y,high,
103,数据挖掘,C技术/范式,从大规模数据中自动提取模式与知识的技术,Y,low,方法族/学科
28,人工智能治理,C技术/范式,"南大""从跨学科视角思考人工智能伦理、治理以及与社会发展的关系""",Y,high,
146,状态空间搜索,C技术/范式,"国防""第二章：状态空间搜索""；浙大""状态空间求解""",Y,high,
18,主动学习,C技术/范式,算法主动挑选高价值样本请求标注以提升效率的方法,N,low,进阶范式
180,聊天机器人,C技术/范式,能与用户进行自然语言对话的AI应用,N,high,工具形态
74,媒体素养,F素养能力,评判AI生成媒体与信息操纵的能力,Y,low,AI媒体素养
212,通用人工智能（AGI）,C技术/范式,"浙大概念辨析""GAI与AGI""；南大""通用人工智能发展突飞猛进""",Y,high,
59,启发式搜索,C技术/范式,"西电""2.4 启发式搜索""；东南深蓝""启发式搜索""",N,low,具体搜索策略
81,弱人工智能,C技术/范式,"东南""我们现在实现的几乎全是弱人工智能""",Y,high,
66,多媒体信息处理,C技术/范式,对文本图像音频视频等多类型媒体综合处理的技术,N,low,偏多媒体技术
193,蚁群优化算法,C技术/范式,模拟蚁群信息素路径选择行为的群体智能优化算法,N,low,具体算法
143,混合增强智能,J前沿方向,人机协同共融、相互增强的智能形态,Y,high,
105,数据科学,I数据资源,与AI素养相互结合的数据处理与分析科学领域,Y,low,数据相关学科
72,大数据智能,C技术/范式,以大数据为驱动实现从数据到知识与决策的智能,Y,low,概念级
119,智能城市,D任务与应用,城市运行管理与基础设施全面智能化的城市形态,N,high,行业应用场景
22,人工智能+X,K教育应用,人工智能与各学科交叉融合的复合型人才培养模式,Y,low,AI+X概念
2,AI写作助手,E工具产品,辅助文献梳理与写作的AI应用工具,N,high,工具形态
129,机器定理证明,C技术/范式,"西电""机器定理证明""；东南简史""机器定理证明、跳棋程序""",Y,low,经典AI里程碑
76,学术伦理,G伦理治理,"江大""在遵守学术伦理的前提下进行文本、语音、图像、视频内容生成""",Y,low,生成式AI学术诚信
165,神经网络,C技术/范式,受生物神经元启发、由多层节点构成的参数化计算模型,Y,high,
60,命题逻辑,C技术/范式,"国防""命题逻辑的归结推理""；西电""机器自动推理与命题逻辑""",N,low,形式逻辑细节
134,模糊决策,C技术/范式,基于模糊关系合成与模糊推理进行的决策方法,N,low,应用细节
51,包容性与文化多样性,G伦理治理,AI设计使用应公平惠及多元群体并保护语言文化多样性,Y,high,
153,盲目搜索,C技术/范式,"国防""2.3 盲目搜索""；西电写作""盲目式搜索""",N,low,具体搜索策略
114,智能健康养老,D任务与应用,面向健康管理与养老服务的智能化应用体系,N,high,行业应用场景
84,归结原理（消解原理）,C技术/范式,"国防""经典逻辑与归结原理""；西电作""消解原理与子句集求解""",Y,high,
120,智能学伴,K教育应用,陪伴并支持学生个性化学习的AI学习应用,N,high,教师/平台视角
8,BP神经网络,C技术/范式,采用误差反向传播学习算法的多层前馈神经网络,N,high,具体算法
155,知情同意,G伦理治理,收集使用个人数据须征得数据主体明确知情同意,Y,high,
62,图像识别,C技术/范式,对图像中对象与场景进行自动识别分类的技术,Y,high,
215,道德困境,G伦理治理,"浙大伦理安全知识点""道德困境、伦理冲突""",Y,high,
10,K-means算法,C技术/范式,"浙大""聚类分析的用途与K-means算法""",N,high,具体算法
16,个性化学习,K教育应用,依据学习者差异定制内容路径的因材施教方式,Y,high,
17,中文信息处理,C技术/范式,面向汉语的信息感知、理解与处理技术,N,low,NLP中文应用
137,模糊集合,C技术/范式,用隶属程度刻画元素属于集合程度的不确定性数学工具,N,low,数学工具细节
4,AI幻觉,G伦理治理,生成式AI输出貌似可信却错误或虚构内容的现象,Y,high,
161,知识蒸馏技术,C技术/范式,将大模型知识迁移至小模型、压缩模型规模的技术,N,low,具体技术
41,伦理冲突,G伦理治理,浙大同上（伦理安全应对）,Y,high,
168,符号主义,C技术/范式,主张用符号逻辑表示知识与推理的人工智能学派,Y,high,
209,过度依赖人工智能,G伦理治理,不加批判依赖AI输出而弱化自身思维与能力的风险,Y,low,AI依赖风险
191,蒙特卡洛树搜索,C技术/范式,结合随机模拟与树扩展策略的博弈搜索算法,N,low,具体搜索算法
169,符号人工智能,C技术/范式,以符号与规则表示知识、进行逻辑推理的传统AI路线,Y,high,
218,问责与责任,G伦理治理,明确AI开发部署使用中主体责任归属与损害后果承担,Y,high,
102,数据所有权,G伦理治理,个人对其数据归属使用与删除的控制权,Y,high,
154,盲目的图搜索策略,C技术/范式,不利用启发信息、按固定次序扩展节点的搜索策略,N,low,具体搜索策略
11,KNN,C技术/范式,"交大""线性分类、KNN、决策树""",N,high,具体算法
164,知识计算,C技术/范式,面向知识的获取、组织与推理应用的计算方法与技术,N,low,概念模糊
179,群智能算法,C技术/范式,模拟生物群体协作行为求解优化问题的算法类别,N,low,具体算法
139,深度伪造,G伦理治理,利用AI合成以假乱真的图像音频视频等虚假内容,Y,high,
24,人工智能伦理,G伦理治理,关于AI设计使用中价值原则与伦理规范的知识体系,Y,high,
37,人机协同教学,K教育应用,教师与AI系统分工协作完成教学环节的教学模式,N,high,教师/平台视角
78,就业替代与社会影响,G伦理治理,AI对就业结构与社会的冲击与重塑效应,Y,high,
116,智能制造,D任务与应用,人工智能与制造深度融合的智能化生产方式,N,high,行业应用场景
25,人工智能思维,F素养能力,培养学生具备人工智能思维能力,N,low,素养口号
214,逻辑系统,C技术/范式,基于形式逻辑进行表示与推理的核心AI概念,Y,low,概念级
205,课程思政,F素养能力,积极引入课程思政内容,Y,low,课程须体现
159,知识工程,C技术/范式,研究知识获取、表示与推理运用以构建智能系统的学科,Y,low,学科概念级
163,知识表示与推理,C技术/范式,智能体建立世界表示并据此推理求解的知识处理能力,Y,high,
123,智能政务,D任务与应用,人工智能支撑政府决策与服务治理的应用领域,N,high,行业应用场景
133,模式识别,C技术/范式,利用算法对目标模式进行自动识别与分类的技术,Y,high,
207,超人工智能,C技术/范式,"东南""几乎所有领域都比最聪明的人类大脑聪明很多""",Y,high,
48,决策树,C技术/范式,以树状规则进行决策与分类的AI模型,N,low,具体算法
49,分类,C技术/范式,将输入数据归入预设类别的机器学习基本任务,Y,high,
152,监督学习与无监督学习,C技术/范式,按样本有无标注划分的机器学习基本学习方式,Y,high,
132,模型训练,E工具产品,以数据调整模型参数使其获得完成特定任务能力的过程,Y,high,
223,高级机器学习,C技术/范式,研究高可解释性、强泛化能力学习理论与方法的前沿方向,N,low,课程名/模糊术语
121,智能家居,D任务与应用,家居设备互联感知并提供智能化服务的系统,N,high,行业应用场景
201,训练数据,E工具产品,用于训练机器学习模型的标注或基准数据集及其管理要求,Y,high,
221,预测人工智能,C技术/范式,通过分析历史数据识别模式并预测结果的人工智能,Y,low,预测式AI概念
145,状态空间,C技术/范式,用状态及状态转移描述问题求解过程的知识表示方法,Y,high,
117,智能医疗,D任务与应用,人工智能辅助诊疗健康管理与药物研发的应用,N,high,行业应用场景
